{
  "contactless_sem_autentificacao": {
    "ultimos_180_dias": {
      "dia_17_24": {
        "count": 15,
        "desviopadrao": 2886.515219825753
      },
      "dia_1_8": {
        "count": 11,
        "desviopadrao": 2862.9588699296905
      },
      "dia_25_31": {
        "count": 2,
        "desviopadrao": 2070.408655314211
      },
      "dia_9_16": {
        "count": 10,
        "desviopadrao": 1601.0407066793912
      },
      "diurno": {
        "count": 37,
        "desviopadrao": 2558.7034500592968
      },
      "final_semana": {
        "count": 8,
        "desviopadrao": 2351.000877286098
      },
      "geral": {
        "count": 38,
        "desviopadrao": 2527.5772200131587
      },
      "noturno": {
        "count": 10,
        "desviopadrao": 1760.1145038510042
      }
    },
    "ultimos_270_dias": {
      "dia_17_24": {
        "count": 15,
        "desviopadrao": 2886.515219825753
      },
      "dia_1_8": {
        "count": 11,
        "desviopadrao": 2862.9588699296905
      },
      "dia_25_31": {
        "count": 2,
        "desviopadrao": 2070.408655314211
      },
      "dia_9_16": {
        "count": 10,
        "desviopadrao": 1601.0407066793912
      },
      "diurno": {
        "count": 37,
        "desviopadrao": 2558.7034500592968
      },
      "final_semana": {
        "count": 8,
        "desviopadrao": 2351.000877286098
      },
      "geral": {
        "count": 38,
        "desviopadrao": 2527.5772200131587
      },
      "noturno": {
        "count": 10,
        "desviopadrao": 1760.1145038510042
      }
    },
    "ultimos_30_dias": {
      "dia_17_24": {
        "count": 7,
        "desviopadrao": 2653.775352031068
      },
      "dia_1_8": {
        "count": 8,
        "desviopadrao": 2038.9462921182737
      },
      "dia_25_31": {
        "count": 2,
        "desviopadrao": 2070.408655314211
      },
      "dia_9_16": {
        "count": 7,
        "desviopadrao": 1440.4798968862194
      },
      "diurno": {
        "count": 23,
        "desviopadrao": 2141.3220953900263
      },
      "final_semana": {
        "count": 5,
        "desviopadrao": 723.2684840361842
      },
      "geral": {
        "count": 24,
        "desviopadrao": 2096.6908071004914
      },
      "noturno": {
        "count": 7,
        "desviopadrao": 1891.864726363157
      }
    },
    "ultimos_365_dias": {
      "dia_17_24": {
        "count": 15,
        "desviopadrao": 2886.515219825753
      },
      "dia_1_8": {
        "count": 11,
        "desviopadrao": 2862.9588699296905
      },
      "dia_25_31": {
        "count": 2,
        "desviopadrao": 2070.408655314211
      },
      "dia_9_16": {
        "count": 10,
        "desviopadrao": 1601.0407066793912
      },
      "diurno": {
        "count": 37,
        "desviopadrao": 2558.7034500592968
      },
      "final_semana": {
        "count": 8,
        "desviopadrao": 2351.000877286098
      },
      "geral": {
        "count": 38,
        "desviopadrao": 2527.5772200131587
      },
      "noturno": {
        "count": 10,
        "desviopadrao": 1760.1145038510042
      }
    },
    "ultimos_7_dias": {
      "dia_17_24": {
        "count": 7,
        "desviopadrao": 2653.775352031068
      },
      "diurno": {
        "count": 7,
        "desviopadrao": 2653.775352031068
      },
      "final_semana": {
        "count": 1
      },
      "geral": {
        "count": 7,
        "desviopadrao": 2653.775352031068
      },
      "noturno": {
        "count": 1
      }
    },
    "ultimos_90_dias": {
      "dia_17_24": {
        "count": 15,
        "desviopadrao": 2886.515219825753
      },
      "dia_1_8": {
        "count": 11,
        "desviopadrao": 2862.9588699296905
      },
      "dia_25_31": {
        "count": 2,
        "desviopadrao": 2070.408655314211
      },
      "dia_9_16": {
        "count": 10,
        "desviopadrao": 1601.0407066793912
      },
      "diurno": {
        "count": 37,
        "desviopadrao": 2558.7034500592968
      },
      "final_semana": {
        "count": 8,
        "desviopadrao": 2351.000877286098
      },
      "geral": {
        "count": 38,
        "desviopadrao": 2527.5772200131587
      },
      "noturno": {
        "count": 10,
        "desviopadrao": 1760.1145038510042
      }
    }
  },
  "debito_com_autenticacao": {
    "ultimos_180_dias": {
      "dia_17_24": {
        "count": 31,
        "desviopadrao": 2700.9986970175164
      },
      "dia_1_8": {
        "count": 38,
        "desviopadrao": 2817.1885458710776
      },
      "dia_25_31": {
        "count": 12,
        "desviopadrao": 3307.335451368486
      },
      "dia_9_16": {
        "count": 40,
        "desviopadrao": 2998.857942339606
      },
      "diurno": {
        "count": 109,
        "desviopadrao": 2878.7637699223133
      },
      "final_semana": {
        "count": 29,
        "desviopadrao": 3181.995848334459
      },
      "geral": {
        "count": 121,
        "desviopadrao": 2917.284867511119
      },
      "noturno": {
        "count": 39,
        "desviopadrao": 3239.4990830438333
      }
    },
    "ultimos_270_dias": {
      "dia_17_24": {
        "count": 31,
        "desviopadrao": 2700.9986970175164
      },
      "dia_1_8": {
        "count": 38,
        "desviopadrao": 2817.1885458710776
      },
      "dia_25_31": {
        "count": 12,
        "desviopadrao": 3307.335451368486
      },
      "dia_9_16": {
        "count": 40,
        "desviopadrao": 2998.857942339606
      },
      "diurno": {
        "count": 109,
        "desviopadrao": 2878.7637699223133
      },
      "final_semana": {
        "count": 29,
        "desviopadrao": 3181.995848334459
      },
      "geral": {
        "count": 121,
        "desviopadrao": 2917.284867511119
      },
      "noturno": {
        "count": 39,
        "desviopadrao": 3239.4990830438333
      }
    },
    "ultimos_30_dias": {
      "dia_17_24": {
        "count": 12,
        "desviopadrao": 1643.0998328178543
      },
      "dia_1_8": {
        "count": 26,
        "desviopadrao": 2677.7416443425145
      },
      "dia_25_31": {
        "count": 12,
        "desviopadrao": 3307.335451368486
      },
      "dia_9_16": {
        "count": 20,
        "desviopadrao": 2537.6922359124887
      },
      "diurno": {
        "count": 63,
        "desviopadrao": 2642.5457502163868
      },
      "final_semana": {
        "count": 18,
        "desviopadrao": 3093.12609441447
      },
      "geral": {
        "count": 70,
        "desviopadrao": 2698.1908462245774
      },
      "noturno": {
        "count": 21,
        "desviopadrao": 3091.3491167942775
      }
    },
    "ultimos_365_dias": {
      "dia_17_24": {
        "count": 31,
        "desviopadrao": 2700.9986970175164
      },
      "dia_1_8": {
        "count": 38,
        "desviopadrao": 2817.1885458710776
      },
      "dia_25_31": {
        "count": 12,
        "desviopadrao": 3307.335451368486
      },
      "dia_9_16": {
        "count": 40,
        "desviopadrao": 2998.857942339606
      },
      "diurno": {
        "count": 109,
        "desviopadrao": 2878.7637699223133
      },
      "final_semana": {
        "count": 29,
        "desviopadrao": 3181.995848334459
      },
      "geral": {
        "count": 121,
        "desviopadrao": 2917.284867511119
      },
      "noturno": {
        "count": 39,
        "desviopadrao": 3239.4990830438333
      }
    },
    "ultimos_7_dias": {
      "dia_17_24": {
        "count": 11,
        "desviopadrao": 1702.6543555711637
      },
      "diurno": {
        "count": 8,
        "desviopadrao": 1724.2303458976373
      },
      "final_semana": {
        "count": 2,
        "desviopadrao": 266.5792565073284
      },
      "geral": {
        "count": 11,
        "desviopadrao": 1702.6543555711637
      },
      "noturno": {
        "count": 3,
        "desviopadrao": 1934.2472265285357
      }
    },
    "ultimos_90_dias": {
      "dia_17_24": {
        "count": 31,